{
    "region": {
        "lat_min": -50,
        "lat_max": 50,
        "long_min": -50,
        "long_max": 50,
        "start_time": "TODAY - 1",
        "end_time": "TODAY + 1",
        "cell_width": 50,
        "cell_height": 50
    },
    "data_sources": [
        {
            "loader": "scalar_grf",
            "params": {
                "data_name": "dummy_data",
                "binary": false,
                "min": 0,
                "max": 100,
                "seed": 16,
                "offset": 5,
                "splitting_conditions": [
                    {
                        "dummy_data": {
                            "threshold": 75,
                            "upper_bound": 1.0,
                            "lower_bound": 0.0
                        }
                    }
                ]
            }
        },
        {
            "loader": "vector_grf",
            "params": {
                "data_name": "uC,vC",
                "min": 0,
                "max": 0,
                "vec_x": "uC",
                "vec_y": "vC"
            }
        }
    ],
    "splitting": {
        "split_depth": 6,
        "minimum_datapoints": 5
    }
}