{
    "region": {
        "lat_min": -65,
        "lat_max": -57.5,
        "long_min": -65,
        "long_max": -40,
        "start_time": "2023-11-20",
        "end_time": "2023-11-23",
        "cell_width": 5,
        "cell_height": 2.5
    },
    "data_sources": [
        {
            "loader": "GEBCO",
            "params": {
                "data_name": "elevation",
                "file" : "/data/twins/wip/common/bathymetry/gebco/gebco_global.nc",
                "value_fill_types": "parent",
                "aggregate_type": "MAX",
                "splitting_conditions": [
                    {
                        "elevation": {
                            "threshold": -10,
                            "upper_bound": 1,
                            "lower_bound": 0
                        }
                    }
                ]
            }
        },
        {
            "loader": "amsr",
            "params": {
                "folder": "/data/twins/wip/common/sic/amsr2/south/",
                "fast_reprojection": true,
                "hemisphere": "south",
                "value_fill_types": "parent",
                "data_name": "SIC",
                "splitting_conditions": [
                    {
                        "SIC": {
                            "threshold": 35,
                            "upper_bound": 1,
                            "lower_bound": 0
                        }
                    },
                    {
                        "SIC": {
                            "threshold": 80,
                            "upper_bound": 1,
                            "lower_bound": 0
                        }
                    }
                ],
                "aggregate_type": "MEAN",
                "min_dp": 5,
                "in_proj": "EPSG:3412",
                "out_proj": "EPSG:4326",
                "x_col": "x",
                "y_col": "y"
            }
        },
        {
            "loader": "sose",
            "params": {
                "value_fill_types": "parent",
                "data_name": "uC,vC",
                "aggregate_type": "MEAN",
                "file": "/data/twins/wip/common/currents/sose/SOSE_surface_velocity_6yearMean_2005-2010.nc"
            }
        },
        {
            "loader": "thickness",
            "params": {
                "data_name": "thickness",
                "value_fill_types": "parent",
                "aggregate_type": "MEAN",
                "min_dp": 5
            }
        },
        {
            "loader": "density",
            "params": {
                "data_name": "density",
                "value_fill_types": "parent",
                "aggregate_type": "MEAN"
            }
        }
    ],
    "splitting": {
        "split_depth": 6,
        "minimum_datapoints": 5
    }
}
