{
    "mesh_info": {
        "region": {
            "lat_min": -80,
            "lat_max": -45,
            "long_min": -70,
            "long_max": 0,
            "start_time": "2024-02-11",
            "end_time": "2024-02-13",
            "cell_width": 70,
            "cell_height": 35
        },
        "data_sources": [
            {
                "loader": "GEBCO",
                "params": {
                    "data_name": "elevation",
                    "value_fill_types": "parent",
                    "aggregate_type": "MAX",
                    "splitting_conditions": [
                        {
                            "elevation": {
                                "threshold": -10,
                                "upper_bound": 1,
                                "lower_bound": 0,
                                "split_lock": true
                            }
                        },
                        {
                            "elevation": {
                                "threshold": -100,
                                "upper_bound": 0.9,
                                "lower_bound": 0.1,
                                "split_lock": false
                            }
                        }
                    ],
                    "files": [
                        "datastore/bathymetry/gebco/gebco_global.nc"
                    ],
                    "dataloader_name": "gebco",
                    "min_dp": 5,
                    "downsample_factors": [
                        1,
                        1
                    ],
                    "in_proj": "EPSG:4326",
                    "out_proj": "EPSG:4326",
                    "x_col": "lat",
                    "y_col": "long",
                    "fast_reprojection": false
                }
            },
            {
                "loader": "amsr",
                "params": {
                    "hemisphere": "south",
                    "value_fill_types": "parent",
                    "data_name": "SIC",
                    "fast_reprojection": true,
                    "splitting_conditions": [
                        {
                            "SIC": {
                                "threshold": 80,
                                "upper_bound": 0.92,
                                "lower_bound": 0.08,
                                "split_lock": true
                            }
                        },
                        {
                            "SIC": {
                                "threshold": 35,
                                "upper_bound": 0.92,
                                "lower_bound": 0.08,
                                "split_lock": false
                            }
                        },
                        {
                            "SIC": {
                                "threshold": 1,
                                "upper_bound": 0.92,
                                "lower_bound": 0.08,
                                "split_lock": false
                            }
                        }
                    ],
                    "files": [
                        "datastore/sic/amsr2/south/asi-AMSR2-s6250-20240211-v5.4.nc",
                        "datastore/sic/amsr2/south/asi-AMSR2-s6250-20240212-v5.4.nc"
                    ],
                    "dataloader_name": "amsr",
                    "min_dp": 5,
                    "downsample_factors": [
                        1,
                        1
                    ],
                    "aggregate_type": "MEAN",
                    "in_proj": "EPSG:3412",
                    "out_proj": "EPSG:4326",
                    "x_col": "x",
                    "y_col": "y"
                }
            },
            {
                "loader": "duacs_currents",
                "params": {
                    "value_fill_types": "parent",
                    "data_name": "uC,vC",
                    "splitting_conditions": [
                        {
                            "uC,vC": {
                                "curl": 0.25
                            }
                        }
                    ],
                    "files": [
                        "datastore/currents/duacs-nrt/global/duacs_nrt_2024-02-11.nc",
                        "datastore/currents/duacs-nrt/global/duacs_nrt_2024-02-12.nc",
                        "datastore/currents/duacs-nrt/global/duacs_nrt_2024-02-13.nc"
                    ],
                    "dataloader_name": "duacs_currents",
                    "min_dp": 5,
                    "downsample_factors": [
                        1,
                        1
                    ],
                    "aggregate_type": "MEAN",
                    "in_proj": "EPSG:4326",
                    "out_proj": "EPSG:4326",
                    "x_col": "lat",
                    "y_col": "long",
                    "fast_reprojection": false
                }
            },
            {
                "loader": "thickness",
                "params": {
                    "data_name": "thickness",
                    "value_fill_types": "parent",
                    "files": [
                        ""
                    ],
                    "dataloader_name": "thickness",
                    "min_dp": 5,
                    "aggregate_type": "MEAN"
                }
            },
            {
                "loader": "density",
                "params": {
                    "data_name": "density",
                    "value_fill_types": "parent",
                    "files": [
                        ""
                    ],
                    "dataloader_name": "density",
                    "min_dp": 5,
                    "aggregate_type": "MEAN"
                }
            }
        ],
        "splitting": {
            "split_depth": 8,
            "minimum_datapoints": 5
        }
    }
}